co1-w16-h32-d30	fd8299b088a47128e112ce7e5616d21eb5013864d5c57067f2c7c9f2b5b69844	legacy default; experiments/card-outcomes runs (trained without --topology)
co1-w16-h32-d30	fd8299b088a47128e112ce7e5616d21eb5013864d5c57067f2c7c9f2b5b69844	/home/sborowsk/project/sts_combat_rl/runs/schema=combat_outcome_v1/date=2026-09-30/id=tsweep-co1-w16-h32-d30-lr.003-s0/out
co1-w16-h32-d30	fd8299b088a47128e112ce7e5616d21eb5013864d5c57067f2c7c9f2b5b69844	/home/sborowsk/project/sts_combat_rl/runs/schema=combat_outcome_v1/date=2026-09-30/id=tsweep-co1-w16-h32-d30-lr.003-s1/out
co1-w16-h32-d30	fd8299b088a47128e112ce7e5616d21eb5013864d5c57067f2c7c9f2b5b69844	/home/sborowsk/project/sts_combat_rl/runs/schema=combat_outcome_v1/date=2026-09-30/id=tsweep-co1-w16-h32-d30-lr.003-s2/out
co1-w16-h32-d30	fd8299b088a47128e112ce7e5616d21eb5013864d5c57067f2c7c9f2b5b69844	/home/sborowsk/project/sts_combat_rl/runs/schema=combat_outcome_v1/date=2026-09-30/id=tsweep-co1-w16-h32-d30-lr.001-s0/out
co1-w16-h32-d30	fd8299b088a47128e112ce7e5616d21eb5013864d5c57067f2c7c9f2b5b69844	/home/sborowsk/project/sts_combat_rl/runs/schema=combat_outcome_v1/date=2026-09-30/id=tsweep-co1-w16-h32-d30-lr.001-s1/out
co1-w16-h32-d30	fd8299b088a47128e112ce7e5616d21eb5013864d5c57067f2c7c9f2b5b69844	/home/sborowsk/project/sts_combat_rl/runs/schema=combat_outcome_v1/date=2026-09-30/id=tsweep-co1-w16-h32-d30-lr.001-s2/out
co1-w32-h64-d30	2f7d86d75b9cd3509b03d3145a7b6cb76693c7de745237dc453a7b2c87e81e51	/home/sborowsk/project/sts_combat_rl/runs/schema=combat_outcome_v1/date=2026-09-30/id=tsweep-co1-w32-h64-d30-lr.003-s1/out
co1-w32-h64-d30	2f7d86d75b9cd3509b03d3145a7b6cb76693c7de745237dc453a7b2c87e81e51	/home/sborowsk/project/sts_combat_rl/runs/schema=combat_outcome_v1/date=2026-09-30/id=tsweep-co1-w32-h64-d30-lr.003-s0/out
co1-w32-h64-d30	2f7d86d75b9cd3509b03d3145a7b6cb76693c7de745237dc453a7b2c87e81e51	/home/sborowsk/project/sts_combat_rl/runs/schema=combat_outcome_v1/date=2026-09-30/id=tsweep-co1-w32-h64-d30-lr.003-s2/out
co1-w32-h64-d30	2f7d86d75b9cd3509b03d3145a7b6cb76693c7de745237dc453a7b2c87e81e51	/home/sborowsk/project/sts_combat_rl/runs/schema=combat_outcome_v1/date=2026-09-30/id=tsweep-co1-w32-h64-d30-lr.001-s0/out
co1-w32-h64-d30	2f7d86d75b9cd3509b03d3145a7b6cb76693c7de745237dc453a7b2c87e81e51	/home/sborowsk/project/sts_combat_rl/runs/schema=combat_outcome_v1/date=2026-09-30/id=tsweep-co1-w32-h64-d30-lr.001-s1/out
co1-w32-h64-d30	2f7d86d75b9cd3509b03d3145a7b6cb76693c7de745237dc453a7b2c87e81e51	/home/sborowsk/project/sts_combat_rl/runs/schema=combat_outcome_v1/date=2026-09-30/id=tsweep-co1-w32-h64-d30-lr.001-s2/out
co1-w64-h128-d30	70676faf936154326f2f5cf51dc8d5cf1f88c99d196cba87bfefa8842df319c8	/home/sborowsk/project/sts_combat_rl/runs/schema=combat_outcome_v1/date=2026-09-30/id=tsweep-co1-w64-h128-d30-lr.003-s0/out
co1-w64-h128-d30	70676faf936154326f2f5cf51dc8d5cf1f88c99d196cba87bfefa8842df319c8	/home/sborowsk/project/sts_combat_rl/runs/schema=combat_outcome_v1/date=2026-09-30/id=tsweep-co1-w64-h128-d30-lr.003-s1/out
co1-w64-h128-d30	70676faf936154326f2f5cf51dc8d5cf1f88c99d196cba87bfefa8842df319c8	/home/sborowsk/project/sts_combat_rl/runs/schema=combat_outcome_v1/date=2026-09-30/id=tsweep-co1-w64-h128-d30-lr.003-s2/out
co1-w64-h128-d30	70676faf936154326f2f5cf51dc8d5cf1f88c99d196cba87bfefa8842df319c8	/home/sborowsk/project/sts_combat_rl/runs/schema=combat_outcome_v1/date=2026-09-30/id=tsweep-co1-w64-h128-d30-lr.001-s0/out
co1-w64-h128-d30	70676faf936154326f2f5cf51dc8d5cf1f88c99d196cba87bfefa8842df319c8	/home/sborowsk/project/sts_combat_rl/runs/schema=combat_outcome_v1/date=2026-09-30/id=tsweep-co1-w64-h128-d30-lr.001-s1/out
co1-w64-h128-d30	70676faf936154326f2f5cf51dc8d5cf1f88c99d196cba87bfefa8842df319c8	/home/sborowsk/project/sts_combat_rl/runs/schema=combat_outcome_v1/date=2026-09-30/id=tsweep-co1-w64-h128-d30-lr.001-s2/out
co1-w64-h128-d10	2491b74de140a05e6bf4ec3995b416e296e3ab3b18b90f664e2848c4d6beeaf3	/home/sborowsk/project/sts_combat_rl/runs/schema=combat_outcome_v1/date=2026-09-30/id=tsweep-co1-w64-h128-d10-lr.003-s0/out
co1-w64-h128-d10	2491b74de140a05e6bf4ec3995b416e296e3ab3b18b90f664e2848c4d6beeaf3	/home/sborowsk/project/sts_combat_rl/runs/schema=combat_outcome_v1/date=2026-09-30/id=tsweep-co1-w64-h128-d10-lr.003-s1/out
co1-w64-h128-d10	2491b74de140a05e6bf4ec3995b416e296e3ab3b18b90f664e2848c4d6beeaf3	/home/sborowsk/project/sts_combat_rl/runs/schema=combat_outcome_v1/date=2026-09-30/id=tsweep-co1-w64-h128-d10-lr.003-s2/out
co1-w64-h128-d10	2491b74de140a05e6bf4ec3995b416e296e3ab3b18b90f664e2848c4d6beeaf3	/home/sborowsk/project/sts_combat_rl/runs/schema=combat_outcome_v1/date=2026-09-30/id=tsweep-co1-w64-h128-d10-lr.001-s0/out
co1-w64-h128-d10	2491b74de140a05e6bf4ec3995b416e296e3ab3b18b90f664e2848c4d6beeaf3	/home/sborowsk/project/sts_combat_rl/runs/schema=combat_outcome_v1/date=2026-09-30/id=tsweep-co1-w64-h128-d10-lr.001-s1/out
co1-w64-h128-d10	2491b74de140a05e6bf4ec3995b416e296e3ab3b18b90f664e2848c4d6beeaf3	/home/sborowsk/project/sts_combat_rl/runs/schema=combat_outcome_v1/date=2026-09-30/id=tsweep-co1-w64-h128-d10-lr.001-s2/out
co2-w32-h64-L2-d20	3b3585cbc4d0047873c046144f7b1b48d684e5d66fb6b53045f06bf226c803d5	/home/sborowsk/project/sts_combat_rl/runs/schema=combat_outcome_v1/date=2026-09-30/id=tsweep-co2-w32-h64-l2-d20-lr.003-s0/out
co2-w32-h64-L2-d20	3b3585cbc4d0047873c046144f7b1b48d684e5d66fb6b53045f06bf226c803d5	/home/sborowsk/project/sts_combat_rl/runs/schema=combat_outcome_v1/date=2026-09-30/id=tsweep-co2-w32-h64-l2-d20-lr.003-s1/out
co2-w32-h64-L2-d20	3b3585cbc4d0047873c046144f7b1b48d684e5d66fb6b53045f06bf226c803d5	/home/sborowsk/project/sts_combat_rl/runs/schema=combat_outcome_v1/date=2026-09-30/id=tsweep-co2-w32-h64-l2-d20-lr.001-s0/out
co2-w32-h64-L2-d20	3b3585cbc4d0047873c046144f7b1b48d684e5d66fb6b53045f06bf226c803d5	/home/sborowsk/project/sts_combat_rl/runs/schema=combat_outcome_v1/date=2026-09-30/id=tsweep-co2-w32-h64-l2-d20-lr.003-s2/out
co2-w32-h64-L2-d20	3b3585cbc4d0047873c046144f7b1b48d684e5d66fb6b53045f06bf226c803d5	/home/sborowsk/project/sts_combat_rl/runs/schema=combat_outcome_v1/date=2026-09-30/id=tsweep-co2-w32-h64-l2-d20-lr.001-s1/out
co2-w32-h64-L2-d20	3b3585cbc4d0047873c046144f7b1b48d684e5d66fb6b53045f06bf226c803d5	/home/sborowsk/project/sts_combat_rl/runs/schema=combat_outcome_v1/date=2026-09-30/id=tsweep-co2-w32-h64-l2-d20-lr.001-s2/out
co2-w64-h128-L2-d20	67e57db938dd19c254207ad51701543b4832261af83ed1af2610bcc5b2152afd	/home/sborowsk/project/sts_combat_rl/runs/schema=combat_outcome_v1/date=2026-09-30/id=tsweep-co2-w64-h128-l2-d20-lr.003-s0/out
co2-w64-h128-L2-d20	67e57db938dd19c254207ad51701543b4832261af83ed1af2610bcc5b2152afd	/home/sborowsk/project/sts_combat_rl/runs/schema=combat_outcome_v1/date=2026-09-30/id=tsweep-co2-w64-h128-l2-d20-lr.003-s1/out
co2-w64-h128-L2-d20	67e57db938dd19c254207ad51701543b4832261af83ed1af2610bcc5b2152afd	/home/sborowsk/project/sts_combat_rl/runs/schema=combat_outcome_v1/date=2026-09-30/id=tsweep-co2-w64-h128-l2-d20-lr.003-s2/out
co2-w64-h128-L2-d20	67e57db938dd19c254207ad51701543b4832261af83ed1af2610bcc5b2152afd	/home/sborowsk/project/sts_combat_rl/runs/schema=combat_outcome_v1/date=2026-09-30/id=tsweep-co2-w64-h128-l2-d20-lr.001-s0/out
co2-w64-h128-L2-d20	67e57db938dd19c254207ad51701543b4832261af83ed1af2610bcc5b2152afd	/home/sborowsk/project/sts_combat_rl/runs/schema=combat_outcome_v1/date=2026-09-30/id=tsweep-co2-w64-h128-l2-d20-lr.001-s1/out
co2-w64-h128-L2-d20	67e57db938dd19c254207ad51701543b4832261af83ed1af2610bcc5b2152afd	/home/sborowsk/project/sts_combat_rl/runs/schema=combat_outcome_v1/date=2026-09-30/id=tsweep-co2-w64-h128-l2-d20-lr.001-s2/out
co2-w64-h128-L2-d20	67e57db938dd19c254207ad51701543b4832261af83ed1af2610bcc5b2152afd	/home/sborowsk/project/sts_combat_rl/runs/schema=combat_outcome_v1/date=2026-09-30/id=tsweep-co2-w64-h128-l2-d20-lr.0003-s0/out
co2-w32-h64-l1-d30	4d8f70984577236aa23468717408c6f1f2b1c1071be721e833914c5f3a60e78c	/home/sborowsk/project/sts_combat_rl/runs/schema=combat_outcome_v1/date=2026-09-30/id=tsweep-co2-w32-h64-l1-d30-lr.001-s0/out
co2-w32-h64-L2-d20	3b3585cbc4d0047873c046144f7b1b48d684e5d66fb6b53045f06bf226c803d5	/home/sborowsk/project/sts_combat_rl/runs/schema=combat_outcome_v1/date=2026-09-30/id=tsweep-co2-w32-h64-l2-d20-lr.0003-s0/out
co2-w32-h64-L2-d20	3b3585cbc4d0047873c046144f7b1b48d684e5d66fb6b53045f06bf226c803d5	/home/sborowsk/project/sts_combat_rl/runs/schema=combat_outcome_v1/date=2026-09-30/id=tpair1-co2-w32-h64-l2-d20-lr.001-s0/out
co2-w32-h64-l3-d20	e0ad9d9f722736ccf00835a6e543921a389b4e6f0e8393a0174ccb08746d1f1b	/home/sborowsk/project/sts_combat_rl/runs/schema=combat_outcome_v1/date=2026-09-30/id=tsweep-co2-w32-h64-l3-d20-lr.001-s0/out
co1-w32-h64-d30	2f7d86d75b9cd3509b03d3145a7b6cb76693c7de745237dc453a7b2c87e81e51	/home/sborowsk/project/sts_combat_rl/runs/schema=combat_outcome_v1/date=2026-09-30/id=tsweep-co1-w32-h64-d30-lr.0003-s0/out
co2-w32-h64-L2-d20	3b3585cbc4d0047873c046144f7b1b48d684e5d66fb6b53045f06bf226c803d5	/home/sborowsk/project/sts_combat_rl/runs/schema=combat_outcome_v1/date=2026-09-30/id=tsweep-co2-w32-h64-l2-d20-lr.0003-s1/out
co1-w32-h64-d30	2f7d86d75b9cd3509b03d3145a7b6cb76693c7de745237dc453a7b2c87e81e51	/home/sborowsk/project/sts_combat_rl/runs/schema=combat_outcome_v1/date=2026-09-30/id=tpair1-co1-w32-h64-d30-lr.001-s0/out
co2-w64-h128-L2-d20	67e57db938dd19c254207ad51701543b4832261af83ed1af2610bcc5b2152afd	/home/sborowsk/project/sts_combat_rl/runs/schema=combat_outcome_v1/date=2026-09-30/id=tsweep-co2-w64-h128-l2-d20-lr.0003-s1/out
co2-w32-h64-l1-d30	4d8f70984577236aa23468717408c6f1f2b1c1071be721e833914c5f3a60e78c	/home/sborowsk/project/sts_combat_rl/runs/schema=combat_outcome_v1/date=2026-09-30/id=tsweep-co2-w32-h64-l1-d30-lr.001-s1/out
co2-w32-h64-l3-d20	e0ad9d9f722736ccf00835a6e543921a389b4e6f0e8393a0174ccb08746d1f1b	/home/sborowsk/project/sts_combat_rl/runs/schema=combat_outcome_v1/date=2026-09-30/id=tsweep-co2-w32-h64-l3-d20-lr.001-s1/out
co2-w32-h64-L2-d20	3b3585cbc4d0047873c046144f7b1b48d684e5d66fb6b53045f06bf226c803d5	/home/sborowsk/project/sts_combat_rl/runs/schema=combat_outcome_v1/date=2026-09-30/id=tpair1-co2-w32-h64-l2-d20-lr.001-s1/out
co1-w32-h64-d30	2f7d86d75b9cd3509b03d3145a7b6cb76693c7de745237dc453a7b2c87e81e51	/home/sborowsk/project/sts_combat_rl/runs/schema=combat_outcome_v1/date=2026-09-30/id=tsweep-co1-w32-h64-d30-lr.0003-s1/out
co2-w32-h64-L2-d20	3b3585cbc4d0047873c046144f7b1b48d684e5d66fb6b53045f06bf226c803d5	/home/sborowsk/project/sts_combat_rl/runs/schema=combat_outcome_v1/date=2026-09-30/id=tsweep-co2-w32-h64-l2-d20-lr.0003-s2/out
co2-w64-h128-L2-d20	67e57db938dd19c254207ad51701543b4832261af83ed1af2610bcc5b2152afd	/home/sborowsk/project/sts_combat_rl/runs/schema=combat_outcome_v1/date=2026-09-30/id=tsweep-co2-w64-h128-l2-d20-lr.0003-s2/out
co1-w32-h64-d30	2f7d86d75b9cd3509b03d3145a7b6cb76693c7de745237dc453a7b2c87e81e51	/home/sborowsk/project/sts_combat_rl/runs/schema=combat_outcome_v1/date=2026-09-30/id=tpair1-co1-w32-h64-d30-lr.001-s1/out
co2-w32-h64-l1-d30	4d8f70984577236aa23468717408c6f1f2b1c1071be721e833914c5f3a60e78c	/home/sborowsk/project/sts_combat_rl/runs/schema=combat_outcome_v1/date=2026-09-30/id=tsweep-co2-w32-h64-l1-d30-lr.001-s2/out
co2-w32-h64-l3-d20	e0ad9d9f722736ccf00835a6e543921a389b4e6f0e8393a0174ccb08746d1f1b	/home/sborowsk/project/sts_combat_rl/runs/schema=combat_outcome_v1/date=2026-09-30/id=tsweep-co2-w32-h64-l3-d20-lr.001-s2/out
co1-w32-h64-d30	2f7d86d75b9cd3509b03d3145a7b6cb76693c7de745237dc453a7b2c87e81e51	/home/sborowsk/project/sts_combat_rl/runs/schema=combat_outcome_v1/date=2026-09-30/id=tsweep-co1-w32-h64-d30-lr.0003-s2/out
co2-w32-h64-L2-d20	3b3585cbc4d0047873c046144f7b1b48d684e5d66fb6b53045f06bf226c803d5	/home/sborowsk/project/sts_combat_rl/runs/schema=combat_outcome_v1/date=2026-09-30/id=tpair1-co2-w32-h64-l2-d20-lr.001-s2/out
co1-w32-h64-d30	2f7d86d75b9cd3509b03d3145a7b6cb76693c7de745237dc453a7b2c87e81e51	/home/sborowsk/project/sts_combat_rl/runs/schema=combat_outcome_v1/date=2026-09-30/id=tpair1-co1-w32-h64-d30-lr.001-s2/out
co2-w32-h64-L2-d20	3b3585cbc4d0047873c046144f7b1b48d684e5d66fb6b53045f06bf226c803d5	/home/sborowsk/project/sts_combat_rl/runs/schema=combat_outcome_v1/date=2026-09-30/id=tpair4-co2-w32-h64-l2-d20-lr.001-s0/out
co1-w32-h64-d30	2f7d86d75b9cd3509b03d3145a7b6cb76693c7de745237dc453a7b2c87e81e51	/home/sborowsk/project/sts_combat_rl/runs/schema=combat_outcome_v1/date=2026-09-30/id=tpair4-co1-w32-h64-d30-lr.001-s0/out
co2-w32-h64-L2-d20	3b3585cbc4d0047873c046144f7b1b48d684e5d66fb6b53045f06bf226c803d5	/home/sborowsk/project/sts_combat_rl/runs/schema=combat_outcome_v1/date=2026-09-30/id=tpair4-co2-w32-h64-l2-d20-lr.001-s1/out
co1-w32-h64-d30	2f7d86d75b9cd3509b03d3145a7b6cb76693c7de745237dc453a7b2c87e81e51	/home/sborowsk/project/sts_combat_rl/runs/schema=combat_outcome_v1/date=2026-09-30/id=tpair4-co1-w32-h64-d30-lr.001-s1/out
co2-w32-h64-L2-d20	3b3585cbc4d0047873c046144f7b1b48d684e5d66fb6b53045f06bf226c803d5	/home/sborowsk/project/sts_combat_rl/runs/schema=combat_outcome_v1/date=2026-09-30/id=tpair4-co2-w32-h64-l2-d20-lr.001-s2/out
co1-w32-h64-d30	2f7d86d75b9cd3509b03d3145a7b6cb76693c7de745237dc453a7b2c87e81e51	/home/sborowsk/project/sts_combat_rl/runs/schema=combat_outcome_v1/date=2026-09-30/id=tpair4-co1-w32-h64-d30-lr.001-s2/out
co2-w32-h64-l1-d30	4d8f70984577236aa23468717408c6f1f2b1c1071be721e833914c5f3a60e78c	/home/sborowsk/project/sts_combat_rl/runs/schema=combat_outcome_v1/date=2026-09-30/id=tsweep-co2-w32-h64-l1-d30-lr.0003-s1/out
co2-w32-h64-l1-d30	4d8f70984577236aa23468717408c6f1f2b1c1071be721e833914c5f3a60e78c	/home/sborowsk/project/sts_combat_rl/runs/schema=combat_outcome_v1/date=2026-09-30/id=tsweep-co2-w32-h64-l1-d30-lr.0003-s2/out
co2-w32-h64-l1-d30	4d8f70984577236aa23468717408c6f1f2b1c1071be721e833914c5f3a60e78c	/home/sborowsk/project/sts_combat_rl/runs/schema=combat_outcome_v1/date=2026-09-30/id=tsweep-co2-w32-h64-l1-d30-lr.0003-s0/out
co2-w32-h64-l1-d30	4d8f70984577236aa23468717408c6f1f2b1c1071be721e833914c5f3a60e78c	/home/sborowsk/project/sts_combat_rl/runs/schema=combat_outcome_v1/date=2026-09-30/id=tpair1-co2-w32-h64-l1-d30-lr.0003-s0/out
co2-w32-h64-l1-d30	4d8f70984577236aa23468717408c6f1f2b1c1071be721e833914c5f3a60e78c	/home/sborowsk/project/sts_combat_rl/runs/schema=combat_outcome_v1/date=2026-09-30/id=tpair1-co2-w32-h64-l1-d30-lr.001-s1/out
co2-w32-h64-l1-d30	4d8f70984577236aa23468717408c6f1f2b1c1071be721e833914c5f3a60e78c	/home/sborowsk/project/sts_combat_rl/runs/schema=combat_outcome_v1/date=2026-09-30/id=tpair1-co2-w32-h64-l1-d30-lr.001-s0/out
co2-w32-h64-l1-d30	4d8f70984577236aa23468717408c6f1f2b1c1071be721e833914c5f3a60e78c	/home/sborowsk/project/sts_combat_rl/runs/schema=combat_outcome_v1/date=2026-09-30/id=tpair1-co2-w32-h64-l1-d30-lr.0003-s1/out
co2-w32-h64-l1-d30	4d8f70984577236aa23468717408c6f1f2b1c1071be721e833914c5f3a60e78c	/home/sborowsk/project/sts_combat_rl/runs/schema=combat_outcome_v1/date=2026-09-30/id=tpair1-co2-w32-h64-l1-d30-lr.001-s2/out
co2-w32-h64-l1-d30	4d8f70984577236aa23468717408c6f1f2b1c1071be721e833914c5f3a60e78c	/home/sborowsk/project/sts_combat_rl/runs/schema=combat_outcome_v1/date=2026-09-30/id=tpair1-co2-w32-h64-l1-d30-lr.0003-s2/out
